Workbook

Sheet إدخال بيانات قائمة الدخل
A1: قائمة الدخل المقارنة لشركة الحياة
A3: السنوات | B3: 1421 | C3: 1422 | D3: 1423 | E3: 1424
A4: المبيعات النقدية | B4: 4000000 | C4: 5000000 | D4: 5800000 | E4: 6200000
A5: المبيعات الآجلة | B5: 9000000 | C5: 12000000 | D5: 15000000 | E5: 17000000
A6: صافي المبيعات | B6: =B4+B5 -> 13000000 | C6: =C4+C5 -> 17000000 | D6: =D4+D5 -> 20800000 | E6: =E4+E5 -> 23200000
A7: تكلفة المبيعات | B7: 6500000 | C7: 8500000 | D7: 10400000 | E7: 11600000
A8: مجمل الربح | B8: =B6-B7 -> 6500000 | C8: =C6-C7 -> 8500000 | D8: =D6-D7 -> 10400000 | E8: =E6-E7 -> 11600000
A9: المصاريف التسويقية | B9: 800000 | C9: 900500 | D9: 1000000 | E9: 1300000
A10: المصاريف الإدارية | B10: 1400000 | C10: 1600000 | D10: 1900000 | E10: 2000800
A11: إجمالي المصاريف التشغيلية | B11: =B9+B10 -> 2200000 | C11: =C9+C10 -> 2500500 | D11: =D9+D10 -> 2900000 | E11: =E9+E10 -> 3300800
A12: صافي ربح العمليات الرئيسية | B12: =B8-B11 -> 4300000 | C12: =C8-C11 -> 5999500 | D12: =D8-D11 -> 7500000 | E12: =E8-E11 -> 8299200
A13: الإيرادات غير التشغيلية | B13: 300000 | C13: 360000 | D13: 470000 | E13: 470000
A14: المصروفات غير التشغيلية | B14: 250000 | C14: 300000 | D14: 290000 | E14: 120000
A15: صافي الربح قبل الزكاة والضريبة | B15: =B12+B13-B14 -> 4350000 | C15: =C12+C13-C14 -> 6059500 | D15: =D12+D13-D14 -> 7680000 | E15: =E12+E13-E14 -> 8649200
A16: الزكاة والضريبة 5% | B16: =B15*5% -> 217500 | C16: =C15*5% -> 302975 | D16: =D15*5% -> 384000 | E16: =E15*5% -> 432460
A17: صافي الربح بعد الزكاة والضريبة | B17: =B15-B16 -> 4132500 | C17: =C15-C16 -> 5756525 | D17: =D15-D16 -> 7296000 | E17: =E15-E16 -> 8216740

Sheet إدخال بيانات المركز المالي
A1: قائمة المركز المالي المقارنة لشركة الحياة
A3: السنوات | B3: 1421 | C3: 1422 | D3: 1423 | E3: 1424
A4: الأصول المتداولة
A5: نقدية | B5: 3000000 | C5: 4000000 | D5: 5000000 | E5: 7000000
A6: استثمارات قصيرة الاجل | B6: 12000000 | C6: 14000000 | D6: 19000000 | E6: 24000000
A7: مدينون | B7: 4900000 | C7: 4500000 | D7: 5200000 | E7: 6800000
A8: أوراق القبض | B8: 3500000 | C8: 3900000 | D8: 4150000 | E8: 5000000
A9: مخزون سلعي | B9: 8200000 | C9: 9100000 | D9: 10000000 | E9: 11300000
A10: مصروفات مقدمة | B10: 112000 | C10: 127000 | D10: 100000 | E10: 150000
A11: مجموع الأصول المتداولة | B11: =SUM(B5:B10) -> 31712000 | C11: =SUM(C5:C10) -> 35627000 | D11: =SUM(D5:D10) -> 43450000 | E11: =SUM(E5:E10) -> 54250000
A12: الأصول الثابتة | B12: 207600000 | C12: 215848000 | D12: 222350000 | E12: 223900000
A13: مجمع الاستهلاك | B13: 8444000 | C13: 9274500 | D13: 13000000 | E13: 16200000
A14: صافي الأصول الثابتة | B14: =B12-B13 -> 199156000 | C14: =C12-C13 -> 206573500 | D14: =D12-D13 -> 209350000 | E14: =E12-E13 -> 207700000
A15: إجمالي الأصول | B15: =B11+B14 -> 230868000 | C15: =C11+C14 -> 242200500 | D15: =D11+D14 -> 252800000 | E15: =E11+E14 -> 261950000
A16: الخصوم المتداولة
A17: دائنون | B17: 6700000 | C17: 9200000 | D17: 10900000 | E17: 13000000
A18: أوراق دفع | B18: 1100000 | C18: 2000500 | D18: 3000000 | E18: 3600000
A19: قرض قصير الأجل | B19: 20000000 | C19: 21000000 | D19: 21000000 | E19: 23000000
A20: مصروفات مستحقة | B20: 1568000 | C20: 2000000 | D20: 2900000 | E20: 2350000
A21: مجموع الخصوم المتداولة | B21: =SUM(B17:B20) -> 29368000 | C21: =SUM(C17:C20) -> 34200500 | D21: =SUM(D17:D20) -> 37800000 | E21: =SUM(E17:E20) -> 41950000
A22: خصوم غير متداولة
A23: قروض طويلة الأجل | B23: 61000000 | C23: 67000000 | D23: 67000000 | E23: 65000000
A24: مجموع الخصوم الغير متداولة | B24: =B23 -> 61000000 | C24: =C23 -> 67000000 | D24: =D23 -> 67000000 | E24: =E23 -> 65000000
A25: إجمالي الخصوم | B25: =B21+B24 -> 90368000 | C25: =C21+C24 -> 101200500 | D25: =D21+D24 -> 104800000 | E25: =E21+E24 -> 106950000
A26: حقوق المساهمين
A27: رأس مال الأسهم | B27: 100000000 | C27: 100000000 | D27: 100000000 | E27: 100000000
A28: احتياطيات | B28: 13500000 | C28: 15000000 | D28: 20000000 | E28: 25000000
A29: أرباح محتجزة | B29: 27000000 | C29: 26000000 | D29: 28000000 | E29: 30000000
A30: مجموع حقوق المساهمين | B30: =SUM(B27:B29) -> 140500000 | C30: =SUM(C27:C29) -> 141000000 | D30: =SUM(D27:D29) -> 148000000 | E30: =SUM(E27:E29) -> 155000000
A31: إجمالي الخصوم وحقوق المساهمين | B31: =B25+B30 -> 230868000 | C31: =C25+C30 -> 242200500 | D31: =D25+D30 -> 252800000 | E31: =E25+E30 -> 261950000

Sheet الهيكل النسبي لقائمة الدخل
A1: الهيكل النسبي لقائمة الدخل لشركة الحياة
A3: ='إدخال بيانات قائمة الدخل'!A3 -> السنوات | B3: ='إدخال بيانات قائمة الدخل'!B3 -> 1421 | C3: ='إدخال بيانات قائمة الدخل'!C3 -> 1422 | D3: ='إدخال بيانات قائمة الدخل'!D3 -> 1423 | E3: ='إدخال بيانات قائمة الدخل'!E3 -> 1424
A4: ='إدخال بيانات قائمة الدخل'!A4 -> المبيعات النقدية | B4: ='إدخال بيانات قائمة الدخل'!B4/'إدخال بيانات قائمة الدخل'!$B$6 -> 0.30769231 | C4: ='إدخال بيانات قائمة الدخل'!C4/'إدخال بيانات قائمة الدخل'!$C$6 -> 0.29411765 | D4: ='إدخال بيانات قائمة الدخل'!D4/'إدخال بيانات قائمة الدخل'!$D$6 -> 0.27884615 | E4: ='إدخال بيانات قائمة الدخل'!E4/'إدخال بيانات قائمة الدخل'!$E$6 -> 0.26724138
A5: ='إدخال بيانات قائمة الدخل'!A5 -> المبيعات الآجلة | B5: ='إدخال بيانات قائمة الدخل'!B5/'إدخال بيانات قائمة الدخل'!$B$6 -> 0.69230769 | C5: ='إدخال بيانات قائمة الدخل'!C5/'إدخال بيانات قائمة الدخل'!$C$6 -> 0.70588235 | D5: ='إدخال بيانات قائمة الدخل'!D5/'إدخال بيانات قائمة الدخل'!$D$6 -> 0.72115385 | E5: ='إدخال بيانات قائمة الدخل'!E5/'إدخال بيانات قائمة الدخل'!$E$6 -> 0.73275862
A6: ='إدخال بيانات قائمة الدخل'!A6 -> صافي المبيعات | B6: ='إدخال بيانات قائمة الدخل'!B6/'إدخال بيانات قائمة الدخل'!$B$6 -> 1 | C6: ='إدخال بيانات قائمة الدخل'!C6/'إدخال بيانات قائمة الدخل'!$C$6 -> 1 | D6: ='إدخال بيانات قائمة الدخل'!D6/'إدخال بيانات قائمة الدخل'!$D$6 -> 1 | E6: ='إدخال بيانات قائمة الدخل'!E6/'إدخال بيانات قائمة الدخل'!$E$6 -> 1
A7: ='إدخال بيانات قائمة الدخل'!A7 -> تكلفة المبيعات | B7: ='إدخال بيانات قائمة الدخل'!B7/'إدخال بيانات قائمة الدخل'!$B$6 -> 0.5 | C7: ='إدخال بيانات قائمة الدخل'!C7/'إدخال بيانات قائمة الدخل'!$C$6 -> 0.5 | D7: ='إدخال بيانات قائمة الدخل'!D7/'إدخال بيانات قائمة الدخل'!$D$6 -> 0.5 | E7: ='إدخال بيانات قائمة الدخل'!E7/'إدخال بيانات قائمة الدخل'!$E$6 -> 0.5
A8: ='إدخال بيانات قائمة الدخل'!A8 -> مجمل الربح | B8: ='إدخال بيانات قائمة الدخل'!B8/'إدخال بيانات قائمة الدخل'!$B$6 -> 0.5 | C8: ='إدخال بيانات قائمة الدخل'!C8/'إدخال بيانات قائمة الدخل'!$C$6 -> 0.5 | D8: ='إدخال بيانات قائمة الدخل'!D8/'إدخال بيانات قائمة الدخل'!$D$6 -> 0.5 | E8: ='إدخال بيانات قائمة الدخل'!E8/'إدخال بيانات قائمة الدخل'!$E$6 -> 0.5
A9: ='إدخال بيانات قائمة الدخل'!A9 -> المصاريف التسويقية | B9: ='إدخال بيانات قائمة الدخل'!B9/'إدخال بيانات قائمة الدخل'!$B$6 -> 0.061538462 | C9: ='إدخال بيانات قائمة الدخل'!C9/'إدخال بيانات قائمة الدخل'!$C$6 -> 0.052970588 | D9: ='إدخال بيانات قائمة الدخل'!D9/'إدخال بيانات قائمة الدخل'!$D$6 -> 0.048076923 | E9: ='إدخال بيانات قائمة الدخل'!E9/'إدخال بيانات قائمة الدخل'!$E$6 -> 0.056034483 | H9: البند/صافي المبيعات | J9: رأسي
A10: ='إدخال بيانات قائمة الدخل'!A10 -> المصاريف الإدارية | B10: ='إدخال بيانات قائمة الدخل'!B10/'إدخال بيانات قائمة الدخل'!$B$6 -> 0.10769231 | C10: ='إدخال بيانات قائمة الدخل'!C10/'إدخال بيانات قائمة الدخل'!$C$6 -> 0.094117647 | D10: ='إدخال بيانات قائمة الدخل'!D10/'إدخال بيانات قائمة الدخل'!$D$6 -> 0.091346154 | E10: ='إدخال بيانات قائمة الدخل'!E10/'إدخال بيانات قائمة الدخل'!$E$6 -> 0.086241379
A11: ='إدخال بيانات قائمة الدخل'!A11 -> إجمالي المصاريف التشغيلية | B11: ='إدخال بيانات قائمة الدخل'!B11/'إدخال بيانات قائمة الدخل'!$B$6 -> 0.16923077 | C11: ='إدخال بيانات قائمة الدخل'!C11/'إدخال بيانات قائمة الدخل'!$C$6 -> 0.14708824 | D11: ='إدخال بيانات قائمة الدخل'!D11/'إدخال بيانات قائمة الدخل'!$D$6 -> 0.13942308 | E11: ='إدخال بيانات قائمة الدخل'!E11/'إدخال بيانات قائمة الدخل'!$E$6 -> 0.14227586
A12: ='إدخال بيانات قائمة الدخل'!A12 -> صافي ربح العمليات الرئيسية | B12: ='إدخال بيانات قائمة الدخل'!B12/'إدخال بيانات قائمة الدخل'!$B$6 -> 0.33076923 | C12: ='إدخال بيانات قائمة الدخل'!C12/'إدخال بيانات قائمة الدخل'!$C$6 -> 0.35291176 | D12: ='إدخال بيانات قائمة الدخل'!D12/'إدخال بيانات قائمة الدخل'!$D$6 -> 0.36057692 | E12: ='إدخال بيانات قائمة الدخل'!E12/'إدخال بيانات قائمة الدخل'!$E$6 -> 0.35772414
A13: ='إدخال بيانات قائمة الدخل'!A13 -> الإيرادات غير التشغيلية | B13: ='إدخال بيانات قائمة الدخل'!B13/'إدخال بيانات قائمة الدخل'!$B$6 -> 0.023076923 | C13: ='إدخال بيانات قائمة الدخل'!C13/'إدخال بيانات قائمة الدخل'!$C$6 -> 0.021176471 | D13: ='إدخال بيانات قائمة الدخل'!D13/'إدخال بيانات قائمة الدخل'!$D$6 -> 0.022596154 | E13: ='إدخال بيانات قائمة الدخل'!E13/'إدخال بيانات قائمة الدخل'!$E$6 -> 0.020258621
A14: ='إدخال بيانات قائمة الدخل'!A14 -> المصروفات غير التشغيلية | B14: ='إدخال بيانات قائمة الدخل'!B14/'إدخال بيانات قائمة الدخل'!$B$6 -> 0.019230769 | C14: ='إدخال بيانات قائمة الدخل'!C14/'إدخال بيانات قائمة الدخل'!$C$6 -> 0.017647059 | D14: ='إدخال بيانات قائمة الدخل'!D14/'إدخال بيانات قائمة الدخل'!$D$6 -> 0.013942308 | E14: ='إدخال بيانات قائمة الدخل'!E14/'إدخال بيانات قائمة الدخل'!$E$6 -> 0.0051724138
A15: ='إدخال بيانات قائمة الدخل'!A15 -> صافي الربح قبل الزكاة والضريبة | B15: ='إدخال بيانات قائمة الدخل'!B15/'إدخال بيانات قائمة الدخل'!$B$6 -> 0.33461538 | C15: ='إدخال بيانات قائمة الدخل'!C15/'إدخال بيانات قائمة الدخل'!$C$6 -> 0.35644118 | D15: ='إدخال بيانات قائمة الدخل'!D15/'إدخال بيانات قائمة الدخل'!$D$6 -> 0.36923077 | E15: ='إدخال بيانات قائمة الدخل'!E15/'إدخال بيانات قائمة الدخل'!$E$6 -> 0.37281034
A16: ='إدخال بيانات قائمة الدخل'!A16 -> الزكاة والضريبة 5% | B16: ='إدخال بيانات قائمة الدخل'!B16/'إدخال بيانات قائمة الدخل'!$B$6 -> 0.016730769 | C16: ='إدخال بيانات قائمة الدخل'!C16/'إدخال بيانات قائمة الدخل'!$C$6 -> 0.017822059 | D16: ='إدخال بيانات قائمة الدخل'!D16/'إدخال بيانات قائمة الدخل'!$D$6 -> 0.018461538 | E16: ='إدخال بيانات قائمة الدخل'!E16/'إدخال بيانات قائمة الدخل'!$E$6 -> 0.018640517
A17: ='إدخال بيانات قائمة الدخل'!A17 -> صافي الربح بعد الزكاة والضريبة | B17: ='إدخال بيانات قائمة الدخل'!B17/'إدخال بيانات قائمة الدخل'!$B$6 -> 0.31788462 | C17: ='إدخال بيانات قائمة الدخل'!C17/'إدخال بيانات قائمة الدخل'!$C$6 -> 0.33861912 | D17: ='إدخال بيانات قائمة الدخل'!D17/'إدخال بيانات قائمة الدخل'!$D$6 -> 0.35076923 | E17: ='إدخال بيانات قائمة الدخل'!E17/'إدخال بيانات قائمة الدخل'!$E$6 -> 0.35416983

Sheet التغير النسبي لقائمة الدخل
A1: التغير النسبي لقائمة الدخل لشركة الحياة
A3: ='إدخال بيانات قائمة الدخل'!A3 -> السنوات | B3: ='إدخال بيانات قائمة الدخل'!B3 -> 1421 | C3: ='إدخال بيانات قائمة الدخل'!C3 -> 1422 | D3: ='إدخال بيانات قائمة الدخل'!D3 -> 1423 | E3: ='إدخال بيانات قائمة الدخل'!E3 -> 1424
A4: ='إدخال بيانات قائمة الدخل'!A4 -> المبيعات النقدية | B4: ='إدخال بيانات قائمة الدخل'!B4/'إدخال بيانات قائمة الدخل'!$B$4 -> 1 | C4: ='إدخال بيانات قائمة الدخل'!C4/'إدخال بيانات قائمة الدخل'!$B$4 -> 1.25 | D4: ='إدخال بيانات قائمة الدخل'!D4/'إدخال بيانات قائمة الدخل'!$B$4 -> 1.45 | E4: ='إدخال بيانات قائمة الدخل'!E4/'إدخال بيانات قائمة الدخل'!$B$4 -> 1.55
A5: ='إدخال بيانات قائمة الدخل'!A5 -> المبيعات الآجلة | B5: ='إدخال بيانات قائمة الدخل'!B5/'إدخال بيانات قائمة الدخل'!$B$5 -> 1 | C5: ='إدخال بيانات قائمة الدخل'!C5/'إدخال بيانات قائمة الدخل'!$B$5 -> 1.3333333 | D5: ='إدخال بيانات قائمة الدخل'!D5/'إدخال بيانات قائمة الدخل'!$B$5 -> 1.6666667 | E5: ='إدخال بيانات قائمة الدخل'!E5/'إدخال بيانات قائمة الدخل'!$B$5 -> 1.8888889
A6: ='إدخال بيانات قائمة الدخل'!A6 -> صافي المبيعات | B6: ='إدخال بيانات قائمة الدخل'!B6/'إدخال بيانات قائمة الدخل'!$B$6 -> 1 | C6: ='إدخال بيانات قائمة الدخل'!C6/'إدخال بيانات قائمة الدخل'!$B$6 -> 1.3076923 | D6: ='إدخال بيانات قائمة الدخل'!D6/'إدخال بيانات قائمة الدخل'!$B$6 -> 1.6 | E6: ='إدخال بيانات قائمة الدخل'!E6/'إدخال بيانات قائمة الدخل'!$B$6 -> 1.7846154
A7: ='إدخال بيانات قائمة الدخل'!A7 -> تكلفة المبيعات | B7: ='إدخال بيانات قائمة الدخل'!B7/'إدخال بيانات قائمة الدخل'!$B$7 -> 1 | C7: ='إدخال بيانات قائمة الدخل'!C7/'إدخال بيانات قائمة الدخل'!$B$7 -> 1.3076923 | D7: ='إدخال بيانات قائمة الدخل'!D7/'إدخال بيانات قائمة الدخل'!$B$7 -> 1.6 | E7: ='إدخال بيانات قائمة الدخل'!E7/'إدخال بيانات قائمة الدخل'!$B$7 -> 1.7846154
A8: ='إدخال بيانات قائمة الدخل'!A8 -> مجمل الربح | B8: ='إدخال بيانات قائمة الدخل'!B8/'إدخال بيانات قائمة الدخل'!$B$8 -> 1 | C8: ='إدخال بيانات قائمة الدخل'!C8/'إدخال بيانات قائمة الدخل'!$B$8 -> 1.3076923 | D8: ='إدخال بيانات قائمة الدخل'!D8/'إدخال بيانات قائمة الدخل'!$B$8 -> 1.6 | E8: ='إدخال بيانات قائمة الدخل'!E8/'إدخال بيانات قائمة الدخل'!$B$8 -> 1.7846154
A9: ='إدخال بيانات قائمة الدخل'!A9 -> المصاريف التسويقية | B9: ='إدخال بيانات قائمة الدخل'!B9/'إدخال بيانات قائمة الدخل'!$B$9 -> 1 | C9: ='إدخال بيانات قائمة الدخل'!C9/'إدخال بيانات قائمة الدخل'!$B$9 -> 1.125625 | D9: ='إدخال بيانات قائمة الدخل'!D9/'إدخال بيانات قائمة الدخل'!$B$9 -> 1.25 | E9: ='إدخال بيانات قائمة الدخل'!E9/'إدخال بيانات قائمة الدخل'!$B$9 -> 1.625
A10: ='إدخال بيانات قائمة الدخل'!A10 -> المصاريف الإدارية | B10: ='إدخال بيانات قائمة الدخل'!B10/'إدخال بيانات قائمة الدخل'!$B$10 -> 1 | C10: ='إدخال بيانات قائمة الدخل'!C10/'إدخال بيانات قائمة الدخل'!$B$10 -> 1.1428571 | D10: ='إدخال بيانات قائمة الدخل'!D10/'إدخال بيانات قائمة الدخل'!$B$10 -> 1.3571429 | E10: ='إدخال بيانات قائمة الدخل'!E10/'إدخال بيانات قائمة الدخل'!$B$10 -> 1.4291429
A11: ='إدخال بيانات قائمة الدخل'!A11 -> إجمالي المصاريف التشغيلية | B11: ='إدخال بيانات قائمة الدخل'!B11/'إدخال بيانات قائمة الدخل'!$B$11 -> 1 | C11: ='إدخال بيانات قائمة الدخل'!C11/'إدخال بيانات قائمة الدخل'!$B$11 -> 1.1365909 | D11: ='إدخال بيانات قائمة الدخل'!D11/'إدخال بيانات قائمة الدخل'!$B$11 -> 1.3181818 | E11: ='إدخال بيانات قائمة الدخل'!E11/'إدخال بيانات قائمة الدخل'!$B$11 -> 1.5003636
A12: ='إدخال بيانات قائمة الدخل'!A12 -> صافي ربح العمليات الرئيسية | B12: ='إدخال بيانات قائمة الدخل'!B12/'إدخال بيانات قائمة الدخل'!$B$12 -> 1 | C12: ='إدخال بيانات قائمة الدخل'!C12/'إدخال بيانات قائمة الدخل'!$B$12 -> 1.3952326 | D12: ='إدخال بيانات قائمة الدخل'!D12/'إدخال بيانات قائمة الدخل'!$B$12 -> 1.744186 | E12: ='إدخال بيانات قائمة الدخل'!E12/'إدخال بيانات قائمة الدخل'!$B$12 -> 1.9300465
A13: ='إدخال بيانات قائمة الدخل'!A13 -> الإيرادات غير التشغيلية | B13: ='إدخال بيانات قائمة الدخل'!B13/'إدخال بيانات قائمة الدخل'!$B$13 -> 1 | C13: ='إدخال بيانات قائمة الدخل'!C13/'إدخال بيانات قائمة الدخل'!$B$13 -> 1.2 | D13: ='إدخال بيانات قائمة الدخل'!D13/'إدخال بيانات قائمة الدخل'!$B$13 -> 1.5666667 | E13: ='إدخال بيانات قائمة الدخل'!E13/'إدخال بيانات قائمة الدخل'!$B$13 -> 1.5666667
A14: ='إدخال بيانات قائمة الدخل'!A14 -> المصروفات غير التشغيلية | B14: ='إدخال بيانات قائمة الدخل'!B14/'إدخال بيانات قائمة الدخل'!$B$14 -> 1 | C14: ='إدخال بيانات قائمة الدخل'!C14/'إدخال بيانات قائمة الدخل'!$B$14 -> 1.2 | D14: ='إدخال بيانات قائمة الدخل'!D14/'إدخال بيانات قائمة الدخل'!$B$14 -> 1.16 | E14: ='إدخال بيانات قائمة الدخل'!E14/'إدخال بيانات قائمة الدخل'!$B$14 -> 0.48
A15: ='إدخال بيانات قائمة الدخل'!A15 -> صافي الربح قبل الزكاة والضريبة | B15: ='إدخال بيانات قائمة الدخل'!B15/'إدخال بيانات قائمة الدخل'!$B$15 -> 1 | C15: ='إدخال بيانات قائمة الدخل'!C15/'إدخال بيانات قائمة الدخل'!$B$15 -> 1.3929885 | D15: ='إدخال بيانات قائمة الدخل'!D15/'إدخال بيانات قائمة الدخل'!$B$15 -> 1.7655172 | E15: ='إدخال بيانات قائمة الدخل'!E15/'إدخال بيانات قائمة الدخل'!$B$15 -> 1.9883218
A16: ='إدخال بيانات قائمة الدخل'!A16 -> الزكاة والضريبة 5% | B16: ='إدخال بيانات قائمة الدخل'!B16/'إدخال بيانات قائمة الدخل'!$B$16 -> 1 | C16: ='إدخال بيانات قائمة الدخل'!C16/'إدخال بيانات قائمة الدخل'!$B$16 -> 1.3929885 | D16: ='إدخال بيانات قائمة الدخل'!D16/'إدخال بيانات قائمة الدخل'!$B$16 -> 1.7655172 | E16: ='إدخال بيانات قائمة الدخل'!E16/'إدخال بيانات قائمة الدخل'!$B$16 -> 1.9883218
A17: ='إدخال بيانات قائمة الدخل'!A17 -> صافي الربح بعد الزكاة والضريبة | B17: ='إدخال بيانات قائمة الدخل'!B17/'إدخال بيانات قائمة الدخل'!$B$17 -> 1 | C17: ='إدخال بيانات قائمة الدخل'!C17/'إدخال بيانات قائمة الدخل'!$B$17 -> 1.3929885 | D17: ='إدخال بيانات قائمة الدخل'!D17/'إدخال بيانات قائمة الدخل'!$B$17 -> 1.7655172 | E17: ='إدخال بيانات قائمة الدخل'!E17/'إدخال بيانات قائمة الدخل'!$B$17 -> 1.9883218
I19: الافقي = بيانات كل عنصر/قيمه العنصر في الأساس

Sheet الهيكل النسبي للمركز المالي
A1: الهيكل النسبي لقائمة المركز المالي لشركة الحياة
A3: ='إدخال بيانات المركز المالي'!A3 -> السنوات | B3: ='إدخال بيانات المركز المالي'!B3 -> 1421 | C3: ='إدخال بيانات المركز المالي'!C3 -> 1422 | D3: ='إدخال بيانات المركز المالي'!D3 -> 1423 | E3: ='إدخال بيانات المركز المالي'!E3 -> 1424
A4: ='إدخال بيانات المركز المالي'!A4 -> الأصول المتداولة
A5: ='إدخال بيانات المركز المالي'!A5 -> نقدية | B5: ='إدخال بيانات المركز المالي'!B5/'إدخال بيانات المركز المالي'!$B$15 -> 0.012994438 | C5: ='إدخال بيانات المركز المالي'!C5/'إدخال بيانات المركز المالي'!$C$15 -> 0.016515243 | D5: ='إدخال بيانات المركز المالي'!D5/'إدخال بيانات المركز المالي'!$D$15 -> 0.019778481 | E5: ='إدخال بيانات المركز المالي'!E5/'إدخال بيانات المركز المالي'!$E$15 -> 0.026722657
A6: ='إدخال بيانات المركز المالي'!A6 -> استثمارات قصيرة الاجل | B6: ='إدخال بيانات المركز المالي'!B6/'إدخال بيانات المركز المالي'!$B$15 -> 0.051977754 | C6: ='إدخال بيانات المركز المالي'!C6/'إدخال بيانات المركز المالي'!$C$15 -> 0.057803349 | D6: ='إدخال بيانات المركز المالي'!D6/'إدخال بيانات المركز المالي'!$D$15 -> 0.075158228 | E6: ='إدخال بيانات المركز المالي'!E6/'إدخال بيانات المركز المالي'!$E$15 -> 0.091620538
A7: ='إدخال بيانات المركز المالي'!A7 -> مدينون | B7: ='إدخال بيانات المركز المالي'!B7/'إدخال بيانات المركز المالي'!$B$15 -> 0.021224249 | C7: ='إدخال بيانات المركز المالي'!C7/'إدخال بيانات المركز المالي'!$C$15 -> 0.018579648 | D7: ='إدخال بيانات المركز المالي'!D7/'إدخال بيانات المركز المالي'!$D$15 -> 0.02056962 | E7: ='إدخال بيانات المركز المالي'!E7/'إدخال بيانات المركز المالي'!$E$15 -> 0.025959153
A8: ='إدخال بيانات المركز المالي'!A8 -> أوراق القبض | B8: ='إدخال بيانات المركز المالي'!B8/'إدخال بيانات المركز المالي'!$B$15 -> 0.015160178 | C8: ='إدخال بيانات المركز المالي'!C8/'إدخال بيانات المركز المالي'!$C$15 -> 0.016102361 | D8: ='إدخال بيانات المركز المالي'!D8/'إدخال بيانات المركز المالي'!$D$15 -> 0.016416139 | E8: ='إدخال بيانات المركز المالي'!E8/'إدخال بيانات المركز المالي'!$E$15 -> 0.019087612
A9: ='إدخال بيانات المركز المالي'!A9 -> مخزون سلعي | B9: ='إدخال بيانات المركز المالي'!B9/'إدخال بيانات المركز المالي'!$B$15 -> 0.035518132 | C9: ='إدخال بيانات المركز المالي'!C9/'إدخال بيانات المركز المالي'!$C$15 -> 0.037572177 | D9: ='إدخال بيانات المركز المالي'!D9/'إدخال بيانات المركز المالي'!$D$15 -> 0.039556962 | E9: ='إدخال بيانات المركز المالي'!E9/'إدخال بيانات المركز المالي'!$E$15 -> 0.043138003
A10: ='إدخال بيانات المركز المالي'!A10 -> مصروفات مقدمة | B10: ='إدخال بيانات المركز المالي'!B10/'إدخال بيانات المركز المالي'!$B$15 -> 0.0004851257 | C10: ='إدخال بيانات المركز المالي'!C10/'إدخال بيانات المركز المالي'!$C$15 -> 0.00052435895 | D10: ='إدخال بيانات المركز المالي'!D10/'إدخال بيانات المركز المالي'!$D$15 -> 0.00039556962 | E10: ='إدخال بيانات المركز المالي'!E10/'إدخال بيانات المركز المالي'!$E$15 -> 0.00057262836 | I10: رأسي = نسبه كل اصل الى اجمالي الأصول ونسبة كل التزامات وحقوق الى اجمالي التزامات وحقوق
A11: ='إدخال بيانات المركز المالي'!A11 -> مجموع الأصول المتداولة | B11: ='إدخال بيانات المركز المالي'!B11/'إدخال بيانات المركز المالي'!$B$15 -> 0.13735988 | C11: ='إدخال بيانات المركز المالي'!C11/'إدخال بيانات المركز المالي'!$C$15 -> 0.14709714 | D11: ='إدخال بيانات المركز المالي'!D11/'إدخال بيانات المركز المالي'!$D$15 -> 0.171875 | E11: ='إدخال بيانات المركز المالي'!E11/'إدخال بيانات المركز المالي'!$E$15 -> 0.20710059
A12: ='إدخال بيانات المركز المالي'!A12 -> الأصول الثابتة | B12: ='إدخال بيانات المركز المالي'!B12/'إدخال بيانات المركز المالي'!$B$15 -> 0.89921514 | C12: ='إدخال بيانات المركز المالي'!C12/'إدخال بيانات المركز المالي'!$C$15 -> 0.89119552 | D12: ='إدخال بيانات المركز المالي'!D12/'إدخال بيانات المركز المالي'!$D$15 -> 0.87954905 | E12: ='إدخال بيانات المركز المالي'!E12/'إدخال بيانات المركز المالي'!$E$15 -> 0.85474327
A13: ='إدخال بيانات المركز المالي'!A13 -> مجمع الاستهلاك | B13: ='إدخال بيانات المركز المالي'!B13/'إدخال بيانات المركز المالي'!$B$15 -> 0.036575013 | C13: ='إدخال بيانات المركز المالي'!C13/'إدخال بيانات المركز المالي'!$C$15 -> 0.038292654 | D13: ='إدخال بيانات المركز المالي'!D13/'إدخال بيانات المركز المالي'!$D$15 -> 0.051424051 | E13: ='إدخال بيانات المركز المالي'!E13/'إدخال بيانات المركز المالي'!$E$15 -> 0.061843863
A14: ='إدخال بيانات المركز المالي'!A14 -> صافي الأصول الثابتة | B14: ='إدخال بيانات المركز المالي'!B14/'إدخال بيانات المركز المالي'!$B$15 -> 0.86264012 | C14: ='إدخال بيانات المركز المالي'!C14/'إدخال بيانات المركز المالي'!$C$15 -> 0.85290286 | D14: ='إدخال بيانات المركز المالي'!D14/'إدخال بيانات المركز المالي'!$D$15 -> 0.828125 | E14: ='إدخال بيانات المركز المالي'!E14/'إدخال بيانات المركز المالي'!$E$15 -> 0.79289941
A15: ='إدخال بيانات المركز المالي'!A15 -> إجمالي الأصول | B15: ='إدخال بيانات المركز المالي'!B15/'إدخال بيانات المركز المالي'!$B$15 -> 1 | C15: ='إدخال بيانات المركز المالي'!C15/'إدخال بيانات المركز المالي'!$C$15 -> 1 | D15: ='إدخال بيانات المركز المالي'!D15/'إدخال بيانات المركز المالي'!$D$15 -> 1 | E15: ='إدخال بيانات المركز المالي'!E15/'إدخال بيانات المركز المالي'!$E$15 -> 1
A16: ='إدخال بيانات المركز المالي'!A16 -> الخصوم المتداولة
A17: ='إدخال بيانات المركز المالي'!A17 -> دائنون | B17: ='إدخال بيانات المركز المالي'!B17/'إدخال بيانات المركز المالي'!$B$31 -> 0.029020912 | C17: ='إدخال بيانات المركز المالي'!C17/'إدخال بيانات المركز المالي'!$C$31 -> 0.037985058 | D17: ='إدخال بيانات المركز المالي'!D17/'إدخال بيانات المركز المالي'!$D$31 -> 0.043117089 | E17: ='إدخال بيانات المركز المالي'!E17/'إدخال بيانات المركز المالي'!$E$31 -> 0.049627792
A18: ='إدخال بيانات المركز المالي'!A18 -> أوراق دفع | B18: ='إدخال بيانات المركز المالي'!B18/'إدخال بيانات المركز المالي'!$B$31 -> 0.0047646274 | C18: ='إدخال بيانات المركز المالي'!C18/'إدخال بيانات المركز المالي'!$C$31 -> 0.0082596857 | D18: ='إدخال بيانات المركز المالي'!D18/'إدخال بيانات المركز المالي'!$D$31 -> 0.011867089 | E18: ='إدخال بيانات المركز المالي'!E18/'إدخال بيانات المركز المالي'!$E$31 -> 0.013743081
A19: ='إدخال بيانات المركز المالي'!A19 -> قرض قصير الأجل | B19: ='إدخال بيانات المركز المالي'!B19/'إدخال بيانات المركز المالي'!$B$31 -> 0.086629589 | C19: ='إدخال بيانات المركز المالي'!C19/'إدخال بيانات المركز المالي'!$C$31 -> 0.086705023 | D19: ='إدخال بيانات المركز المالي'!D19/'إدخال بيانات المركز المالي'!$D$31 -> 0.08306962 | E19: ='إدخال بيانات المركز المالي'!E19/'إدخال بيانات المركز المالي'!$E$31 -> 0.087803016
A20: ='إدخال بيانات المركز المالي'!A20 -> مصروفات مستحقة | B20: ='إدخال بيانات المركز المالي'!B20/'إدخال بيانات المركز المالي'!$B$31 -> 0.0067917598 | C20: ='إدخال بيانات المركز المالي'!C20/'إدخال بيانات المركز المالي'!$C$31 -> 0.0082576213 | D20: ='إدخال بيانات المركز المالي'!D20/'إدخال بيانات المركز المالي'!$D$31 -> 0.011471519 | E20: ='إدخال بيانات المركز المالي'!E20/'إدخال بيانات المركز المالي'!$E$31 -> 0.0089711777
A21: ='إدخال بيانات المركز المالي'!A21 -> مجموع الخصوم المتداولة | B21: ='إدخال بيانات المركز المالي'!B21/'إدخال بيانات المركز المالي'!$B$31 -> 0.12720689 | C21: ='إدخال بيانات المركز المالي'!C21/'إدخال بيانات المركز المالي'!$C$31 -> 0.14120739 | D21: ='إدخال بيانات المركز المالي'!D21/'إدخال بيانات المركز المالي'!$D$31 -> 0.14952532 | E21: ='إدخال بيانات المركز المالي'!E21/'إدخال بيانات المركز المالي'!$E$31 -> 0.16014507
A22: ='إدخال بيانات المركز المالي'!A22 -> خصوم غير متداولة | B22: ='إدخال بيانات المركز المالي'!B22/'إدخال بيانات المركز المالي'!$B$31 -> 0 | C22: ='إدخال بيانات المركز المالي'!C22/'إدخال بيانات المركز المالي'!$C$31 -> 0 | D22: ='إدخال بيانات المركز المالي'!D22/'إدخال بيانات المركز المالي'!$D$31 -> 0 | E22: ='إدخال بيانات المركز المالي'!E22/'إدخال بيانات المركز المالي'!$E$31 -> 0
A23: ='إدخال بيانات المركز المالي'!A23 -> قروض طويلة الأجل | B23: ='إدخال بيانات المركز المالي'!B23/'إدخال بيانات المركز المالي'!$B$31 -> 0.26422025 | C23: ='إدخال بيانات المركز المالي'!C23/'إدخال بيانات المركز المالي'!$C$31 -> 0.27663031 | D23: ='إدخال بيانات المركز المالي'!D23/'إدخال بيانات المركز المالي'!$D$31 -> 0.26503165 | E23: ='إدخال بيانات المركز المالي'!E23/'إدخال بيانات المركز المالي'!$E$31 -> 0.24813896
A24: ='إدخال بيانات المركز المالي'!A24 -> مجموع الخصوم الغير متداولة | B24: ='إدخال بيانات المركز المالي'!B24/'إدخال بيانات المركز المالي'!$B$31 -> 0.26422025 | C24: ='إدخال بيانات المركز المالي'!C24/'إدخال بيانات المركز المالي'!$C$31 -> 0.27663031 | D24: ='إدخال بيانات المركز المالي'!D24/'إدخال بيانات المركز المالي'!$D$31 -> 0.26503165 | E24: ='إدخال بيانات المركز المالي'!E24/'إدخال بيانات المركز المالي'!$E$31 -> 0.24813896
A25: ='إدخال بيانات المركز المالي'!A25 -> إجمالي الخصوم | B25: ='إدخال بيانات المركز المالي'!B25/'إدخال بيانات المركز المالي'!$B$31 -> 0.39142714 | C25: ='إدخال بيانات المركز المالي'!C25/'إدخال بيانات المركز المالي'!$C$31 -> 0.4178377 | D25: ='إدخال بيانات المركز المالي'!D25/'إدخال بيانات المركز المالي'!$D$31 -> 0.41455696 | E25: ='إدخال بيانات المركز المالي'!E25/'إدخال بيانات المركز المالي'!$E$31 -> 0.40828402
A26: ='إدخال بيانات المركز المالي'!A26 -> حقوق المساهمين | B26: ='إدخال بيانات المركز المالي'!B26/'إدخال بيانات المركز المالي'!$B$31 -> 0 | C26: ='إدخال بيانات المركز المالي'!C26/'إدخال بيانات المركز المالي'!$C$31 -> 0 | D26: ='إدخال بيانات المركز المالي'!D26/'إدخال بيانات المركز المالي'!$D$31 -> 0 | E26: ='إدخال بيانات المركز المالي'!E26/'إدخال بيانات المركز المالي'!$E$31 -> 0
A27: ='إدخال بيانات المركز المالي'!A27 -> رأس مال الأسهم | B27: ='إدخال بيانات المركز المالي'!B27/'إدخال بيانات المركز المالي'!$B$31 -> 0.43314795 | C27: ='إدخال بيانات المركز المالي'!C27/'إدخال بيانات المركز المالي'!$C$31 -> 0.41288106 | D27: ='إدخال بيانات المركز المالي'!D27/'إدخال بيانات المركز المالي'!$D$31 -> 0.39556962 | E27: ='إدخال بيانات المركز المالي'!E27/'إدخال بيانات المركز المالي'!$E$31 -> 0.38175224
A28: ='إدخال بيانات المركز المالي'!A28 -> احتياطيات | B28: ='إدخال بيانات المركز المالي'!B28/'إدخال بيانات المركز المالي'!$B$31 -> 0.058474973 | C28: ='إدخال بيانات المركز المالي'!C28/'إدخال بيانات المركز المالي'!$C$31 -> 0.06193216 | D28: ='إدخال بيانات المركز المالي'!D28/'إدخال بيانات المركز المالي'!$D$31 -> 0.079113924 | E28: ='إدخال بيانات المركز المالي'!E28/'إدخال بيانات المركز المالي'!$E$31 -> 0.095438061
... A31: ='إدخال بيانات المركز المالي'!A31 -> إجمالي الخصوم وحقوق المساهمين | B31: ='إدخال بيانات المركز المالي'!B31/'إدخال بيانات المركز المالي'!$B$31 -> 1 | C31: ='إدخال بيانات المركز المالي'!C31/'إدخال بيانات المركز المالي'!$C$31 -> 1 | D31: ='إدخال بيانات المركز المالي'!D31/'إدخال بيانات المركز المالي'!$D$31 -> 1 | E31: ='إدخال بيانات المركز المالي'!E31/'إدخال بيانات المركز المالي'!$E$31 -> 1

Sheet التغير النسبي للمركز المالي
A1: التغير النسبي لقائمة المركز المالي لشركة الحياة
A3: ='إدخال بيانات المركز المالي'!A3 -> السنوات | B3: ='إدخال بيانات المركز المالي'!B3 -> 1421 | C3: ='إدخال بيانات المركز المالي'!C3 -> 1422 | D3: ='إدخال بيانات المركز المالي'!D3 -> 1423 | E3: ='إدخال بيانات المركز المالي'!E3 -> 1424
A4: ='إدخال بيانات المركز المالي'!A4 -> الأصول المتداولة
A5: ='إدخال بيانات المركز المالي'!A5 -> نقدية | B5: ='إدخال بيانات المركز المالي'!B5/'إدخال بيانات المركز المالي'!$B$5 -> 1 | C5: ='إدخال بيانات المركز المالي'!C5/'إدخال بيانات المركز المالي'!$B$5 -> 1.3333333 | D5: ='إدخال بيانات المركز المالي'!D5/'إدخال بيانات المركز المالي'!$B$5 -> 1.6666667 | E5: ='إدخال بيانات المركز المالي'!E5/'إدخال بيانات المركز المالي'!$B$5 -> 2.3333333
A6: ='إدخال بيانات المركز المالي'!A6 -> استثمارات قصيرة الاجل | B6: ='إدخال بيانات المركز المالي'!B6/'إدخال بيانات المركز المالي'!$B$6 -> 1 | C6: ='إدخال بيانات المركز المالي'!C6/'إدخال بيانات المركز المالي'!$B$6 -> 1.1666667 | D6: ='إدخال بيانات المركز المالي'!D6/'إدخال بيانات المركز المالي'!$B$6 -> 1.5833333 | E6: ='إدخال بيانات المركز المالي'!E6/'إدخال بيانات المركز المالي'!$B$6 -> 2
A7: ='إدخال بيانات المركز المالي'!A7 -> مدينون | B7: ='إدخال بيانات المركز المالي'!B7/'إدخال بيانات المركز المالي'!$B$7 -> 1 | C7: ='إدخال بيانات المركز المالي'!C7/'إدخال بيانات المركز المالي'!$B$7 -> 0.91836735 | D7: ='إدخال بيانات المركز المالي'!D7/'إدخال بيانات المركز المالي'!$B$7 -> 1.0612245 | E7: ='إدخال بيانات المركز المالي'!E7/'إدخال بيانات المركز المالي'!$B$7 -> 1.3877551
A8: ='إدخال بيانات المركز المالي'!A8 -> أوراق القبض | B8: ='إدخال بيانات المركز المالي'!B8/'إدخال بيانات المركز المالي'!$B$8 -> 1 | C8: ='إدخال بيانات المركز المالي'!C8/'إدخال بيانات المركز المالي'!$B$8 -> 1.1142857 | D8: ='إدخال بيانات المركز المالي'!D8/'إدخال بيانات المركز المالي'!$B$8 -> 1.1857143 | E8: ='إدخال بيانات المركز المالي'!E8/'إدخال بيانات المركز المالي'!$B$8 -> 1.4285714
A9: ='إدخال بيانات المركز المالي'!A9 -> مخزون سلعي | B9: ='إدخال بيانات المركز المالي'!B9/'إدخال بيانات المركز المالي'!$B$9 -> 1 | C9: ='إدخال بيانات المركز المالي'!C9/'إدخال بيانات المركز المالي'!$B$9 -> 1.1097561 | D9: ='إدخال بيانات المركز المالي'!D9/'إدخال بيانات المركز المالي'!$B$9 -> 1.2195122 | E9: ='إدخال بيانات المركز المالي'!E9/'إدخال بيانات المركز المالي'!$B$9 -> 1.3780488
A10: ='إدخال بيانات المركز المالي'!A10 -> مصروفات مقدمة | B10: ='إدخال بيانات المركز المالي'!B10/'إدخال بيانات المركز المالي'!$B$10 -> 1 | C10: ='إدخال بيانات المركز المالي'!C10/'إدخال بيانات المركز المالي'!$B$10 -> 1.1339286 | D10: ='إدخال بيانات المركز المالي'!D10/'إدخال بيانات المركز المالي'!$B$10 -> 0.89285714 | E10: ='إدخال بيانات المركز المالي'!E10/'إدخال بيانات المركز المالي'!$B$10 -> 1.3392857
A11: ='إدخال بيانات المركز المالي'!A11 -> مجموع الأصول المتداولة | B11: ='إدخال بيانات المركز المالي'!B11/'إدخال بيانات المركز المالي'!$B$11 -> 1 | C11: ='إدخال بيانات المركز المالي'!C11/'إدخال بيانات المركز المالي'!$B$11 -> 1.1234548 | D11: ='إدخال بيانات المركز المالي'!D11/'إدخال بيانات المركز المالي'!$B$11 -> 1.3701438 | E11: ='إدخال بيانات المركز المالي'!E11/'إدخال بيانات المركز المالي'!$B$11 -> 1.7107089 | L11: افقي = بيانات كل عنصر / سنه الأساس
A12: ='إدخال بيانات المركز المالي'!A12 -> الأصول الثابتة | B12: ='إدخال بيانات المركز المالي'!B12/'إدخال بيانات المركز المالي'!$B$12 -> 1 | C12: ='إدخال بيانات المركز المالي'!C12/'إدخال بيانات المركز المالي'!$B$12 -> 1.0397303 | D12: ='إدخال بيانات المركز المالي'!D12/'إدخال بيانات المركز المالي'!$B$12 -> 1.0710501 | E12: ='إدخال بيانات المركز المالي'!E12/'إدخال بيانات المركز المالي'!$B$12 -> 1.0785164
A13: ='إدخال بيانات المركز المالي'!A13 -> مجمع الاستهلاك | B13: ='إدخال بيانات المركز المالي'!B13/'إدخال بيانات المركز المالي'!$B$13 -> 1 | C13: ='إدخال بيانات المركز المالي'!C13/'إدخال بيانات المركز المالي'!$B$13 -> 1.0983539 | D13: ='إدخال بيانات المركز المالي'!D13/'إدخال بيانات المركز المالي'!$B$13 -> 1.5395547 | E13: ='إدخال بيانات المركز المالي'!E13/'إدخال بيانات المركز المالي'!$B$13 -> 1.918522
A14: ='إدخال بيانات المركز المالي'!A14 -> صافي الأصول الثابتة | B14: ='إدخال بيانات المركز المالي'!B14/'إدخال بيانات المركز المالي'!$B$14 -> 1 | C14: ='إدخال بيانات المركز المالي'!C14/'إدخال بيانات المركز المالي'!$B$14 -> 1.0372447 | D14: ='إدخال بيانات المركز المالي'!D14/'إدخال بيانات المركز المالي'!$B$14 -> 1.051186 | E14: ='إدخال بيانات المركز المالي'!E14/'إدخال بيانات المركز المالي'!$B$14 -> 1.042901
A15: ='إدخال بيانات المركز المالي'!A15 -> إجمالي الأصول | B15: ='إدخال بيانات المركز المالي'!B15/'إدخال بيانات المركز المالي'!$B$15 -> 1 | C15: ='إدخال بيانات المركز المالي'!C15/'إدخال بيانات المركز المالي'!$B$15 -> 1.0490865 | D15: ='إدخال بيانات المركز المالي'!D15/'إدخال بيانات المركز المالي'!$B$15 -> 1.094998 | E15: ='إدخال بيانات المركز المالي'!E15/'إدخال بيانات المركز المالي'!$B$15 -> 1.134631
A16: ='إدخال بيانات المركز المالي'!A16 -> الخصوم المتداولة
A17: ='إدخال بيانات المركز المالي'!A17 -> دائنون | B17: ='إدخال بيانات المركز المالي'!B17/'إدخال بيانات المركز المالي'!$B$17 -> 1 | C17: ='إدخال بيانات المركز المالي'!C17/'إدخال بيانات المركز المالي'!$B$17 -> 1.3731343 | D17: ='إدخال بيانات المركز المالي'!D17/'إدخال بيانات المركز المالي'!$B$17 -> 1.6268657 | E17: ='إدخال بيانات المركز المالي'!E17/'إدخال بيانات المركز المالي'!$B$17 -> 1.9402985
A18: ='إدخال بيانات المركز المالي'!A18 -> أوراق دفع | B18: ='إدخال بيانات المركز المالي'!B18/'إدخال بيانات المركز المالي'!$B$18 -> 1 | C18: ='إدخال بيانات المركز المالي'!C18/'إدخال بيانات المركز المالي'!$B$18 -> 1.8186364 | D18: ='إدخال بيانات المركز المالي'!D18/'إدخال بيانات المركز المالي'!$B$18 -> 2.7272727 | E18: ='إدخال بيانات المركز المالي'!E18/'إدخال بيانات المركز المالي'!$B$18 -> 3.2727273
A19: ='إدخال بيانات المركز المالي'!A19 -> قرض قصير الأجل | B19: ='إدخال بيانات المركز المالي'!B19/'إدخال بيانات المركز المالي'!$B$19 -> 1 | C19: ='إدخال بيانات المركز المالي'!C19/'إدخال بيانات المركز المالي'!$B$19 -> 1.05 | D19: ='إدخال بيانات المركز المالي'!D19/'إدخال بيانات المركز المالي'!$B$19 -> 1.05 | E19: ='إدخال بيانات المركز المالي'!E19/'إدخال بيانات المركز المالي'!$B$19 -> 1.15
A20: ='إدخال بيانات المركز المالي'!A20 -> مصروفات مستحقة | B20: ='إدخال بيانات المركز المالي'!B20/'إدخال بيانات المركز المالي'!$B$20 -> 1 | C20: ='إدخال بيانات المركز المالي'!C20/'إدخال بيانات المركز المالي'!$B$20 -> 1.2755102 | D20: ='إدخال بيانات المركز المالي'!D20/'إدخال بيانات المركز المالي'!$B$20 -> 1.8494898 | E20: ='إدخال بيانات المركز المالي'!E20/'إدخال بيانات المركز المالي'!$B$20 -> 1.4987245
A21: ='إدخال بيانات المركز المالي'!A21 -> مجموع الخصوم المتداولة | B21: ='إدخال بيانات المركز المالي'!B21/'إدخال بيانات المركز المالي'!$B$21 -> 1 | C21: ='إدخال بيانات المركز المالي'!C21/'إدخال بيانات المركز المالي'!$B$21 -> 1.1645499 | D21: ='إدخال بيانات المركز المالي'!D21/'إدخال بيانات المركز المالي'!$B$21 -> 1.2871152 | E21: ='إدخال بيانات المركز المالي'!E21/'إدخال بيانات المركز المالي'!$B$21 -> 1.4284255
A22: ='إدخال بيانات المركز المالي'!A22 -> خصوم غير متداولة
A23: ='إدخال بيانات المركز المالي'!A23 -> قروض طويلة الأجل | B23: ='إدخال بيانات المركز المالي'!B23/'إدخال بيانات المركز المالي'!$B$23 -> 1 | C23: ='إدخال بيانات المركز المالي'!C23/'إدخال بيانات المركز المالي'!$B$23 -> 1.0983607 | D23: ='إدخال بيانات المركز المالي'!D23/'إدخال بيانات المركز المالي'!$B$23 -> 1.0983607 | E23: ='إدخال بيانات المركز المالي'!E23/'إدخال بيانات المركز المالي'!$B$23 -> 1.0655738
A24: ='إدخال بيانات المركز المالي'!A24 -> مجموع الخصوم الغير متداولة | B24: ='إدخال بيانات المركز المالي'!B24/'إدخال بيانات المركز المالي'!$B$24 -> 1 | C24: ='إدخال بيانات المركز المالي'!C24/'إدخال بيانات المركز المالي'!$B$24 -> 1.0983607 | D24: ='إدخال بيانات المركز المالي'!D24/'إدخال بيانات المركز المالي'!$B$24 -> 1.0983607 | E24: ='إدخال بيانات المركز المالي'!E24/'إدخال بيانات المركز المالي'!$B$24 -> 1.0655738
A25: ='إدخال بيانات المركز المالي'!A25 -> إجمالي الخصوم | B25: ='إدخال بيانات المركز المالي'!B25/'إدخال بيانات المركز المالي'!$B$25 -> 1 | C25: ='إدخال بيانات المركز المالي'!C25/'إدخال بيانات المركز المالي'!$B$25 -> 1.119871 | D25: ='إدخال بيانات المركز المالي'!D25/'إدخال بيانات المركز المالي'!$B$25 -> 1.1597025 | E25: ='إدخال بيانات المركز المالي'!E25/'إدخال بيانات المركز المالي'!$B$25 -> 1.1834942
A26: ='إدخال بيانات المركز المالي'!A26 -> حقوق المساهمين
A27: ='إدخال بيانات المركز المالي'!A27 -> رأس مال الأسهم | B27: ='إدخال بيانات المركز المالي'!B27/'إدخال بيانات المركز المالي'!$B$27 -> 1 | C27: ='إدخال بيانات المركز المالي'!C27/'إدخال بيانات المركز المالي'!$B$27 -> 1 | D27: ='إدخال بيانات المركز المالي'!D27/'إدخال بيانات المركز المالي'!$B$27 -> 1 | E27: ='إدخال بيانات المركز المالي'!E27/'إدخال بيانات المركز المالي'!$B$27 -> 1
A28: ='إدخال بيانات المركز المالي'!A28 -> احتياطيات | B28: ='إدخال بيانات المركز المالي'!B28/'إدخال بيانات المركز المالي'!$B$28 -> 1 | C28: ='إدخال بيانات المركز المالي'!C28/'إدخال بيانات المركز المالي'!$B$28 -> 1.1111111 | D28: ='إدخال بيانات المركز المالي'!D28/'إدخال بيانات المركز المالي'!$B$28 -> 1.4814815 | E28: ='إدخال بيانات المركز المالي'!E28/'إدخال بيانات المركز المالي'!$B$28 -> 1.8518519
A29: ='إدخال بيانات المركز المالي'!A29 -> أرباح محتجزة | B29: ='إدخال بيانات المركز المالي'!B29/'إدخال بيانات المركز المالي'!$B$29 -> 1 | C29: ='إدخال بيانات المركز المالي'!C29/'إدخال بيانات المركز المالي'!$B$29 -> 0.96296296 | D29: ='إدخال بيانات المركز المالي'!D29/'إدخال بيانات المركز المالي'!$B$29 -> 1.037037 | E29: ='إدخال بيانات المركز المالي'!E29/'إدخال بيانات المركز المالي'!$B$29 -> 1.1111111
A30: ='إدخال بيانات المركز المالي'!A30 -> مجموع حقوق المساهمين | B30: ='إدخال بيانات المركز المالي'!B30/'إدخال بيانات المركز المالي'!$B$30 -> 1 | C30: ='إدخال بيانات المركز المالي'!C30/'إدخال بيانات المركز المالي'!$B$30 -> 1.0035587 | D30: ='إدخال بيانات المركز المالي'!D30/'إدخال بيانات المركز المالي'!$B$30 -> 1.0533808 | E30: ='إدخال بيانات المركز المالي'!E30/'إدخال بيانات المركز المالي'!$B$30 -> 1.1032028
A31: ='إدخال بيانات المركز المالي'!A31 -> إجمالي الخصوم وحقوق المساهمين | B31: ='إدخال بيانات المركز المالي'!B31/'إدخال بيانات المركز المالي'!$B$31 -> 1 | C31: ='إدخال بيانات المركز المالي'!C31/'إدخال بيانات المركز المالي'!$B$31 -> 1.0490865 | D31: ='إدخال بيانات المركز المالي'!D31/'إدخال بيانات المركز المالي'!$B$31 -> 1.094998 | E31: ='إدخال بيانات المركز المالي'!E31/'إدخال بيانات المركز المالي'!$B$31 -> 1.134631

Sheet النسب المالية
A1: النسب المالية لشركة الحياة
A3: ='إدخال بيانات قائمة الدخل'!A3 -> السنوات | B3: ='إدخال بيانات قائمة الدخل'!B3 -> 1421 | C3: ='إدخال بيانات قائمة الدخل'!C3 -> 1422 | D3: ='إدخال بيانات قائمة الدخل'!D3 -> 1423 | E3: ='إدخال بيانات قائمة الدخل'!E3 -> 1424
A4: النسب المقدرة على تحقيق الأرباح
A5: نسبة صافي الربح إلى حقوق المساهمين | B5: ='إدخال بيانات قائمة الدخل'!B17/'إدخال بيانات المركز المالي'!B30 -> 0.029412811 | C5: ='إدخال بيانات قائمة الدخل'!C17/'إدخال بيانات المركز المالي'!C30 -> 0.040826418 | D5: ='إدخال بيانات قائمة الدخل'!D17/'إدخال بيانات المركز المالي'!D30 -> 0.049297297 | E5: ='إدخال بيانات قائمة الدخل'!E17/'إدخال بيانات المركز المالي'!E30 -> 0.053011226
A6: نسبة صافي الربح إلى إجمالي الأصول | B6: ='إدخال بيانات قائمة الدخل'!B17/'إدخال بيانات المركز المالي'!B15 -> 0.017899839 | C6: ='إدخال بيانات قائمة الدخل'!C17/'إدخال بيانات المركز المالي'!C15 -> 0.023767602 | D6: ='إدخال بيانات قائمة الدخل'!D17/'إدخال بيانات المركز المالي'!D15 -> 0.028860759 | E6: ='إدخال بيانات قائمة الدخل'!E17/'إدخال بيانات المركز المالي'!E15 -> 0.031367589
A7: نسبة صافي الربح إلى صافي المبيعات | B7: ='إدخال بيانات قائمة الدخل'!B17/'إدخال بيانات قائمة الدخل'!B6 -> 0.31788462 | C7: ='إدخال بيانات قائمة الدخل'!C17/'إدخال بيانات قائمة الدخل'!C6 -> 0.33861912 | D7: ='إدخال بيانات قائمة الدخل'!D17/'إدخال بيانات قائمة الدخل'!D6 -> 0.35076923 | E7: ='إدخال بيانات قائمة الدخل'!E17/'إدخال بيانات قائمة الدخل'!E6 -> 0.35416983
A8: نسبة الدخل الرئيسي إلى صافي المبيعات | B8: ='إدخال بيانات قائمة الدخل'!B12/'إدخال بيانات قائمة الدخل'!B6 -> 0.33076923 | C8: ='إدخال بيانات قائمة الدخل'!C12/'إدخال بيانات قائمة الدخل'!C6 -> 0.35291176 | D8: ='إدخال بيانات قائمة الدخل'!D12/'إدخال بيانات قائمة الدخل'!D6 -> 0.36057692 | E8: ='إدخال بيانات قائمة الدخل'!E12/'إدخال بيانات قائمة الدخل'!E6 -> 0.35772414
A9: نسب المقدرة على الدفع في الأجل القصير (السيولة)
A10: نسبة الأصول المتداولة إلى الخصوم المتداولة (التداول) | B10: ='إدخال بيانات المركز المالي'!B11/'إدخال بيانات المركز المالي'!B21 -> 1.0798148 | C10: ='إدخال بيانات المركز المالي'!C11/'إدخال بيانات المركز المالي'!C21 -> 1.0417099 | D10: ='إدخال بيانات المركز المالي'!D11/'إدخال بيانات المركز المالي'!D21 -> 1.1494709 | E10: ='إدخال بيانات المركز المالي'!E11/'إدخال بيانات المركز المالي'!E21 -> 1.2932062
A11: نسبة السيولة السريعه | B11: =('إدخال بيانات المركز المالي'!B11-'إدخال بيانات المركز المالي'!B9)/'إدخال بيانات المركز المالي'!B21 -> 0.80059929 | C11: =('إدخال بيانات المركز المالي'!C11-'إدخال بيانات المركز المالي'!C9)/'إدخال بيانات المركز المالي'!C21 -> 0.77563194 | D11: =('إدخال بيانات المركز المالي'!D11-'إدخال بيانات المركز المالي'!D9)/'إدخال بيانات المركز المالي'!D21 -> 0.88492063 | E11: =('إدخال بيانات المركز المالي'!E11-'إدخال بيانات المركز المالي'!E9)/'إدخال بيانات المركز المالي'!E21 -> 1.0238379
A12: نسبة السيولة النقدية | B12: =('إدخال بيانات المركز المالي'!B5+'إدخال بيانات المركز المالي'!B6)/'إدخال بيانات المركز المالي'!B21 -> 0.51076001 | C12: =('إدخال بيانات المركز المالي'!C5+'إدخال بيانات المركز المالي'!C6)/'إدخال بيانات المركز المالي'!C21 -> 0.52630809 | D12: =('إدخال بيانات المركز المالي'!D5+'إدخال بيانات المركز المالي'!D6)/'إدخال بيانات المركز المالي'!D21 -> 0.63492063 | E12: =('إدخال بيانات المركز المالي'!E5+'إدخال بيانات المركز المالي'!E6)/'إدخال بيانات المركز المالي'!E21 -> 0.73897497
A13: نسب كفاءة إدارة المشروع (معدل الدوران)
A14: معدل دوران المخزون | C14: ='إدخال بيانات قائمة الدخل'!C7/(('إدخال بيانات المركز المالي'!B9+'إدخال بيانات المركز المالي'!C9)/2) -> 0.98265896 | D14: ='إدخال بيانات قائمة الدخل'!D7/(('إدخال بيانات المركز المالي'!C9+'إدخال بيانات المركز المالي'!D9)/2) -> 1.0890052 | E14: ='إدخال بيانات قائمة الدخل'!E7/(('إدخال بيانات المركز المالي'!D9+'إدخال بيانات المركز المالي'!E9)/2) -> 1.0892019
A15: متوسط فترة التخزين | C15: =360/C14 -> 366.35294 | D15: =360/D14 -> 330.57692 | E15: =360/E14 -> 330.51724
A16: معدل دوران المدينون | C16: ='إدخال بيانات قائمة الدخل'!C5/(('إدخال بيانات المركز المالي'!B7+'إدخال بيانات المركز المالي'!C7)/2) -> 2.5531915 | D16: ='إدخال بيانات قائمة الدخل'!D5/(('إدخال بيانات المركز المالي'!C7+'إدخال بيانات المركز المالي'!D7)/2) -> 3.0927835 | E16: ='إدخال بيانات قائمة الدخل'!E5/(('إدخال بيانات المركز المالي'!D7+'إدخال بيانات المركز المالي'!E7)/2) -> 2.8333333
A17: متوسط فترة التحصيل | C17: =360/C16 -> 141 | D17: =360/D16 -> 116.4 | E17: =360/E16 -> 127.05882
A18: معدل دوران الأصول المتداولة | C18: ='إدخال بيانات قائمة الدخل'!C6/(('إدخال بيانات المركز المالي'!B11+'إدخال بيانات المركز المالي'!C11)/2) -> 0.504908 | D18: ='إدخال بيانات قائمة الدخل'!D6/(('إدخال بيانات المركز المالي'!C11+'إدخال بيانات المركز المالي'!D11)/2) -> 0.52606953 | E18: ='إدخال بيانات قائمة الدخل'!E6/(('إدخال بيانات المركز المالي'!D11+'إدخال بيانات المركز المالي'!E11)/2) -> 0.47492323
A19: معدل دوران راس المال العامل | C19: ='إدخال بيانات قائمة الدخل'!C6/(('إدخال بيانات المركز المالي'!B27+'إدخال بيانات المركز المالي'!C27)/2) -> 0.17 | D19: ='إدخال بيانات قائمة الدخل'!D6/(('إدخال بيانات المركز المالي'!C27+'إدخال بيانات المركز المالي'!D27)/2) -> 0.208 | E19: ='إدخال بيانات قائمة الدخل'!E6/(('إدخال بيانات المركز المالي'!D27+'إدخال بيانات المركز المالي'!E27)/2) -> 0.232
A20: نسب المقدرة على سداد الديون طويلة الأجل
A21: نسبة مجموع الخصوم إلى مجموع الأصول | B21: ='إدخال بيانات المركز المالي'!B25/'إدخال بيانات المركز المالي'!B15 -> 0.39142714 | C21: ='إدخال بيانات المركز المالي'!C25/'إدخال بيانات المركز المالي'!C15 -> 0.4178377 | D21: ='إدخال بيانات المركز المالي'!D25/'إدخال بيانات المركز المالي'!D15 -> 0.41455696 | E21: ='إدخال بيانات المركز المالي'!E25/'إدخال بيانات المركز المالي'!E15 -> 0.40828402
A22: نسبة مجموع الخصوم إلى حقوق المساهمين | B22: ='إدخال بيانات المركز المالي'!B25/'إدخال بيانات المركز المالي'!B30 -> 0.64318861 | C22: ='إدخال بيانات المركز المالي'!C25/'إدخال بيانات المركز المالي'!C30 -> 0.71773404 | D22: ='إدخال بيانات المركز المالي'!D25/'إدخال بيانات المركز المالي'!D30 -> 0.70810811 | E22: ='إدخال بيانات المركز المالي'!E25/'إدخال بيانات المركز المالي'!E30 -> 0.69
A23: نسبة الخصوم طويلة الأجل إلى حقوق المساهمين | B23: ='إدخال بيانات المركز المالي'!B24/'إدخال بيانات المركز المالي'!B30 -> 0.4341637 | C23: ='إدخال بيانات المركز المالي'!C24/'إدخال بيانات المركز المالي'!C30 -> 0.4751773 | D23: ='إدخال بيانات المركز المالي'!D24/'إدخال بيانات المركز المالي'!D30 -> 0.4527027 | E23: ='إدخال بيانات المركز المالي'!E24/'إدخال بيانات المركز المالي'!E30 -> 0.41935484
